Date,Year,Month,Day,Waktu,Dari,Arah,Kondisi,Tweet,Hambatan,link,photos
2022-Oct-03,2022,October,Monday,08:10:58,MM UGM,-,lancar,08.10WIB Arus lalu lintas simpang MMUGM terpantau lancar  ,-,https://twitter.com/ATCS_DISHUB_DIY/status/1576741566886313984,"['https://pbs.twimg.com/media/FeG2CS5aMAAOo2g.jpg', 'https://pbs.twimg.com/media/FeG2CTuaAAACvHx.jpg', 'https://pbs.twimg.com/media/FeG2CUiaEAA2moJ.jpg', 'https://pbs.twimg.com/media/FeG2CVcaAAANAJT.jpg']"
2022-Oct-03,2022,October,Monday,08:10:35,Demangan,-,padat,08.10WIB Arus lalu lintas simpang Demangan terpantau padat  ,-,https://twitter.com/ATCS_DISHUB_DIY/status/1576741470438322176,"['https://pbs.twimg.com/media/FeG19EQagAEnjNm.jpg', 'https://pbs.twimg.com/media/FeG19E-aAAALPCP.jpg', 'https://pbs.twimg.com/media/FeG19F9acAE5gZf.jpg']"
2022-Oct-03,2022,October,Monday,08:10:11,UIN,-,padat,08.09WIB Arus lalu lintas simpang UIN padat  ,-,https://twitter.com/ATCS_DISHUB_DIY/status/1576741368919388161,"['https://pbs.twimg.com/media/FeG10TNacAAYXpi.jpg', 'https://pbs.twimg.com/media/FeG10UEaAAE8tKe.jpg', 'https://pbs.twimg.com/media/FeG10U-agAEZ63f.jpg']"
2022-Oct-03,2022,October,Monday,08:05:19,Kentungan,-,lancar,08.04WIB Arus lalu lintas simpang Kentungan lancar  ,-,https://twitter.com/ATCS_DISHUB_DIY/status/1576740143805128706,"['https://pbs.twimg.com/media/FeG0tiLaAAAvTZQ.jpg', 'https://pbs.twimg.com/media/FeG0tiqaUAAmxHq.jpg', 'https://pbs.twimg.com/media/FeG0tjrakAAg0Yk.jpg', 'https://pbs.twimg.com/media/FeG0tkpaEAAWtDz.jpg']"
2022-Oct-03,2022,October,Monday,08:04:45,Condongcatur,-,padat,08.04WIB Arus lalu lintas simpang Condongcatur padat  ,-,https://twitter.com/ATCS_DISHUB_DIY/status/1576740000678686722,"['https://pbs.twimg.com/media/FeG0lv4aEAA4n51.jpg', 'https://pbs.twimg.com/media/FeG0mtvagAUXx5R.jpg', 'https://pbs.twimg.com/media/FeG0mudacAANCX7.jpg']"
2022-Oct-03,2022,October,Monday,08:03:32,Bandara Timur,-,padat,08.03WIB Kondisi Lalin simpang Bandara dari kaki timur padat  ,-,https://twitter.com/ATCS_DISHUB_DIY/status/1576739696616828928,"['https://pbs.twimg.com/media/FeG0SLKaMAIyJQe.jpg', 'https://pbs.twimg.com/media/FeG0SL-acAEtZRv.jpg', 'https://pbs.twimg.com/media/FeG0SM0aUAA6dND.jpg']"
2022-Oct-03,2022,October,Monday,08:02:54,Maguwoharjo,,padat,08.02WIB Arus lalu lintas simpang Maguwo padat dari semua arah  ,-,https://twitter.com/ATCS_DISHUB_DIY/status/1576739534955778048,"['https://pbs.twimg.com/media/FeG0LQJacAI_uGn.jpg', 'https://pbs.twimg.com/media/FeG0LQIacAgMm5z.jpg', 'https://pbs.twimg.com/media/FeG0LQUaMAEmlXX.jpg']"
2022-Oct-02,2022,October,Sunday,16:19:06,,-,ramai lancar,"16.17WIB Arus lalu lintas simpang Kronggahan ramai lancar, harap berhati-hati adanya genangan air akibat hujan deras  ",genangan,https://twitter.com/ATCS_DISHUB_DIY/status/1576502019921424384,"['https://pbs.twimg.com/media/FeDb-NcagAAs4sY.jpg', 'https://pbs.twimg.com/media/FeDb-34aAAAsExx.jpg', 'https://pbs.twimg.com/media/FeDb-4qaUAIvrAx.jpg']"
2022-Oct-01,2022,October,Saturday,08:22:27,Maguwoharjo,Barat,lancar,08.22 wib kondisi lalin sp maguwo arah barat terpantau lancar  ,-,https://twitter.com/ATCS_DISHUB_DIY/status/1576019679348658176,['https://pbs.twimg.com/media/Fd8lfA5akAA-XRO.jpg']
2022-Oct-01,2022,October,Saturday,08:22:01,Bandara,Timur,lancar,08.21 wib lalin sp bandara arah timur terpantau lancar  ,-,https://twitter.com/ATCS_DISHUB_DIY/status/1576019570686824448,['https://pbs.twimg.com/media/Fd8lYzPaAAAXHSg.jpg']
2022-Oct-01,2022,October,Saturday,07:32:39,MM UGM,,lancar,07.33 wib lalin sp mm ugm terpantau lancar dari semua arah  ,-,https://twitter.com/ATCS_DISHUB_DIY/status/1576007146860212224,"['https://pbs.twimg.com/media/Fd8aEzDaEAEZJoG.jpg', 'https://pbs.twimg.com/media/Fd8aEzxaMAArE0c.jpg', 'https://pbs.twimg.com/media/Fd8aE1CagAAiYee.jpg']"
2022-Oct-01,2022,October,Saturday,07:32:00,Gramedia,"Timur, Barat",lancar,07.32 wib lalin sp gramedia arah timur dan barat terpantau lancar  ,-,https://twitter.com/ATCS_DISHUB_DIY/status/1576006983651819521,"['https://pbs.twimg.com/media/Fd8Z6ipakAAxjxa.jpg', 'https://pbs.twimg.com/media/Fd8Z7JxaUAADtir.jpg']"
2022-Oct-01,2022,October,Saturday,07:31:25,Seturan,"Timur, Barat",ramai lancar,07.31 wib lalin sp seturan arah timur dan barat ramai lancar arah selatan terpantau lancar  ,-,https://twitter.com/ATCS_DISHUB_DIY/status/1576006837442588673,"['https://pbs.twimg.com/media/Fd8ZrB9agAI5DvW.jpg', 'https://pbs.twimg.com/media/Fd8ZrOsaEAEPl1a.jpg', 'https://pbs.twimg.com/media/Fd8ZxHDacAAVneN.jpg']"
2022-Sep-30,2022,September,Friday,14:45:14,Gramedia,Barat,padat padat merayap,"14.43 WIB. Kondisi lalin di Simpang Gramedia arus kendaraan dari arah Barat terpantau RAMAI cenderung padat merayap,dari arah lain  terpantau RAMAI LANCAR. Jaga jarak aman kendaraan  ",-,https://twitter.com/ATCS_DISHUB_DIY/status/1575753621803003904,"['https://pbs.twimg.com/media/Fd4zKNMaAAE7uo4.jpg', 'https://pbs.twimg.com/media/Fd4zKNKaYAAsJey.jpg']"
2022-Sep-30,2022,September,Friday,11:27:08,Pogung,-,lancar,11.26WIB Kondisi Lalin simpang Pogung terpantau lancar  ,-,https://twitter.com/ATCS_DISHUB_DIY/status/1575703771685933057,"['https://pbs.twimg.com/media/Fd4GHtQagAECpuQ.jpg', 'https://pbs.twimg.com/media/Fd4GHuFaUAEFflP.jpg', 'https://pbs.twimg.com/media/Fd4GHusaAAAc6_S.jpg', 'https://pbs.twimg.com/media/Fd4GHvdaEAAd0Ax.jpg']"
2022-Sep-30,2022,September,Friday,11:26:32,Gramedia,-,ramai lancar,11.26WIB Kondisi Lalin simpang Gramedia terpantau ramai lancar  ,-,https://twitter.com/ATCS_DISHUB_DIY/status/1575703618900348928,"['https://pbs.twimg.com/media/Fd4GDMeakAAvqP1.jpg', 'https://pbs.twimg.com/media/Fd4GDMdaMAELs11.jpg', 'https://pbs.twimg.com/media/Fd4GDMjaUAA-Kcj.jpg', 'https://pbs.twimg.com/media/Fd4GDMoagAAtlra.jpg']"
2022-Sep-30,2022,September,Friday,09:08:25,Seturan,"Timur, Barat",ramai lancar,09.07 wib lalin sp seturan arah timur dan barat ramai lancar arah selatan terpantau lancar  ,-,https://twitter.com/ATCS_DISHUB_DIY/status/1575668859033382914,"['https://pbs.twimg.com/media/Fd3mWz0aUAAaXIi.jpg', 'https://pbs.twimg.com/media/Fd3mXgsaEAIvTxv.jpg', 'https://pbs.twimg.com/media/Fd3mYJJagAIWIDu.jpg']"
2022-Sep-30,2022,September,Friday,09:02:59,Demangan,Timur,ramai lancar,09.02 wib lalin sp demangan arah timur ramai lancar arah selatan dan utara terpantau lancar  ,-,https://twitter.com/ATCS_DISHUB_DIY/status/1575667494911557633,"['https://pbs.twimg.com/media/Fd3lIDAaEAEjK-V.jpg', 'https://pbs.twimg.com/media/Fd3lI6oaEAESyze.jpg', 'https://pbs.twimg.com/media/Fd3lJg2acAAHzn6.jpg']"
2022-Sep-30,2022,September,Friday,09:02:13,Gramedia,"Timur, Barat",lancar,09.01 wib lalin sp gramedia arah timur dan barat terpantau lancar  ,-,https://twitter.com/ATCS_DISHUB_DIY/status/1575667300405235713,"['https://pbs.twimg.com/media/Fd3k8N1agAAW4RK.jpg', 'https://pbs.twimg.com/media/Fd3k97MacAEEIqv.jpg']"
2022-Sep-30,2022,September,Friday,09:00:15,UIN,"Timur, Barat",lancar,08.59 wib lalin sp uin arah timur dan barat terpantau lancar  ,-,https://twitter.com/ATCS_DISHUB_DIY/status/1575666806274297856,"['https://pbs.twimg.com/media/Fd3khrCaAAAslxm.jpg', 'https://pbs.twimg.com/media/Fd3kiT5aAAEFunt.jpg']"
2022-Sep-30,2022,September,Friday,07:12:43,Jati Kencana,Timur,ramai lancar,07.12 wib lalin sp jatikencana arah timur lancar arah barat terpantau ramai lancar  ,-,https://twitter.com/ATCS_DISHUB_DIY/status/1575639743353999360,"['https://pbs.twimg.com/media/Fd3L6tBaEAAfG1b.jpg', 'https://pbs.twimg.com/media/Fd3L6tqaEAEaEEd.jpg']"
2022-Sep-30,2022,September,Friday,07:12:12,MM UGM,Timur,ramai lancar,07.11 wib arus lalin sp mm ugm arah timur lancar arah selatan ramai lancar arah utara terpantau ramai  ,-,https://twitter.com/ATCS_DISHUB_DIY/status/1575639615129915392,"['https://pbs.twimg.com/media/Fd3LxxAaIAAYJvh.jpg', 'https://pbs.twimg.com/media/Fd3LyY-acAA66WB.jpg', 'https://pbs.twimg.com/media/Fd3LzA-aIAEU4qj.jpg']"
2022-Sep-30,2022,September,Friday,07:10:29,Condongcatur,"Timur, Barat, Utara",ramai lancar,"07.10 wib arus lalin sp condongcatur arah timur,barat dan utara ramai lancar  ",-,https://twitter.com/ATCS_DISHUB_DIY/status/1575639179937034242,"['https://pbs.twimg.com/media/Fd3LYCNakAAD74B.jpg', 'https://pbs.twimg.com/media/Fd3LYvmaAAAEoc_.jpg', 'https://pbs.twimg.com/media/Fd3LZWZaAAEunuB.jpg']"
2022-Sep-30,2022,September,Friday,07:09:35,Maguwoharjo,Barat,lancar,07.09 wib lalin sp maguwo arah barat terpantau lancar  ,-,https://twitter.com/ATCS_DISHUB_DIY/status/1575638955264860160,['https://pbs.twimg.com/media/Fd3LOAzagAAPhRa.jpg']
2022-Sep-30,2022,September,Friday,07:09:15,Bandara,Timur,ramai lancar,07.08 wib arus lalin sp bandara arah timur terpantau ramai lancar  ,-,https://twitter.com/ATCS_DISHUB_DIY/status/1575638870598635520,['https://pbs.twimg.com/media/Fd3LHQkaIAATZZY.jpg']
2022-Sep-29,2022,September,Thursday,18:08:30,Demangan,-,ramai lancar,18.07WIB Kondisi Lalin simpang Demangan terpantau ramai lancar  ,-,https://twitter.com/ATCS_DISHUB_DIY/status/1575442387320586241,"['https://pbs.twimg.com/media/Fd0YQaQaAAAj7eW.jpg', 'https://pbs.twimg.com/media/Fd0YQaKakAAvge2.jpg', 'https://pbs.twimg.com/media/Fd0YQaKacAImFUW.jpg']"
2022-Sep-29,2022,September,Thursday,16:25:53,Seturan,-,padat,16.25WIB Kondisi Lalin simpang Seturan terpantau padat  ,-,https://twitter.com/ATCS_DISHUB_DIY/status/1575416565260222464,[]
2022-Sep-29,2022,September,Thursday,15:26:02,UIN Timur Barat Selatan,-,lancar,"15.25WIB Kondisi Lalin simpang UIN terpantau ramai dari kaki barat, dari kaki timur dan selatan terpantau lancar  ",-,https://twitter.com/ATCS_DISHUB_DIY/status/1575401504567357441,[]
2022-Sep-29,2022,September,Thursday,15:24:09,MM UGM,-,lancar,15.23WIB Kondisi Lalin simpang MMUGM terpantau lancar  ,-,https://twitter.com/ATCS_DISHUB_DIY/status/1575401028098621440,[]
2022-Sep-28,2022,September,Wednesday,11:29:40,Condongcatur,,ramai lancar,11.28 wib lalin sp condongcatur terpantau ramai lancar dari semua arah  ,-,https://twitter.com/ATCS_DISHUB_DIY/status/1574979633464111104,"['https://pbs.twimg.com/media/FdtzcGdaEAEaf9v.jpg', 'https://pbs.twimg.com/media/Fdtzcx9acAMcl9U.jpg', 'https://pbs.twimg.com/media/FdtznUoacAALd6Z.jpg']"
2022-Sep-28,2022,September,Wednesday,11:01:13,Jati Kencana,"Timur, Barat",lancar,11.01 wib kondisi lalin sp jatikencana arah timur dan barat terpantau lancar  ,-,https://twitter.com/ATCS_DISHUB_DIY/status/1574972470721138689,"['https://pbs.twimg.com/media/FdttBxqaIAAEgD7.jpg', 'https://pbs.twimg.com/media/FdttByWaIAAIdS2.jpg']"
2022-Sep-28,2022,September,Wednesday,11:00:29,Gramedia,"Timur, Barat",lancar,11.00 wib lalin sp gramedia arah timur dan barat terpantau lancar  ,-,https://twitter.com/ATCS_DISHUB_DIY/status/1574972287329374208,"['https://pbs.twimg.com/media/Fdts3sbagAE4xR2.jpg', 'https://pbs.twimg.com/media/Fdts3sbaMAAXt_Z.jpg']"
2022-Sep-28,2022,September,Wednesday,08:39:01,Condongcatur,"Timur, Utara",ramai lancar,08.38 wib lalin sp condongcatur arah timur dan utara ramai lancar arah barat dan selatan terpantau lancar  ,-,https://twitter.com/ATCS_DISHUB_DIY/status/1574936684067958784,"['https://pbs.twimg.com/media/FdtMcfYagAAJeyG.jpg', 'https://pbs.twimg.com/media/FdtMcgNaIAIM2lh.jpg', 'https://pbs.twimg.com/media/FdtMdKbaMAAYrwd.jpg']"
2022-Sep-28,2022,September,Wednesday,08:37:40,MM UGM,-,lancar,08.36 wib lalin sp mm ugm terpantau lancar dari segala arah  ,-,https://twitter.com/ATCS_DISHUB_DIY/status/1574936344811704322,"['https://pbs.twimg.com/media/FdtL6A6acAADJMx.jpg', 'https://pbs.twimg.com/media/FdtL66raUAM88rv.jpg', 'https://pbs.twimg.com/media/FdtL67paUAA71-u.jpg']"
2022-Sep-28,2022,September,Wednesday,08:34:50,UIN,Timur,ramai lancar,08.34 wib lalin sp uin arah timur ramai lancar arah barat terpantau lancar  ,-,https://twitter.com/ATCS_DISHUB_DIY/status/1574935632987975680,"['https://pbs.twimg.com/media/FdtLYDzacAApxTo.jpg', 'https://pbs.twimg.com/media/FdtLY24agAAV4bz.jpg']"
2022-Sep-28,2022,September,Wednesday,08:33:20,Maguwoharjo,Barat,lancar,08.33 wib kondisi lalin sp maguwo arah barat terpantau lancar  ,-,https://twitter.com/ATCS_DISHUB_DIY/status/1574935257295757313,['https://pbs.twimg.com/media/FdtLLidaUAAcKYn.jpg']
2022-Sep-28,2022,September,Wednesday,08:32:47,Bandara,Timur,ramai lancar,08.32 wib lalin sp bandara arah timur terpantau ramai lancar  ,-,https://twitter.com/ATCS_DISHUB_DIY/status/1574935115368890370,['https://pbs.twimg.com/media/FdtLE7UaUAAmEHa.jpg']
2022-Sep-28,2022,September,Wednesday,07:00:10,Seturan,"Timur, Selatan, Utara",lancar,"06.59 wib lalin sp seturan terpantau ramai dari arah timur,selatan dan utara arah barat terpantau lancar  ",-,https://twitter.com/ATCS_DISHUB_DIY/status/1574911808330412032,"['https://pbs.twimg.com/media/Fds1juXaAAAAIvM.jpg', 'https://pbs.twimg.com/media/Fds1kwTaAAAyrX7.jpg', 'https://pbs.twimg.com/media/Fds1kw_acAAlKZ0.jpg', 'https://pbs.twimg.com/media/Fds1kx9aIAAmVOg.jpg']"
2022-Sep-28,2022,September,Wednesday,06:57:32,Gramedia,"Timur, Barat",ramai lancar,06.57 wib lalin sp gramedia arah timur dan barat ramai lancar arah selatan dan utara terpantau lancar  ,-,https://twitter.com/ATCS_DISHUB_DIY/status/1574911148297945089,"['https://pbs.twimg.com/media/Fds1DRaaMAABc3m.jpg', 'https://pbs.twimg.com/media/Fds1DR8aAAAHDIf.jpg', 'https://pbs.twimg.com/media/Fds1PBYakAAXb2f.jpg', 'https://pbs.twimg.com/media/Fds1PCBacAAhm4g.jpg']"
2022-Sep-28,2022,September,Wednesday,06:56:09,Demangan,Selatan,ramai lancar,06.55 wib lalin sp demangan arah selatan ramai lancar arah utara terpantau lancar  ,-,https://twitter.com/ATCS_DISHUB_DIY/status/1574910796655915008,"['https://pbs.twimg.com/media/Fds07gzacAAA_Uj.jpg', 'https://pbs.twimg.com/media/Fds08cGacAABjxM.jpg']"
2022-Sep-28,2022,September,Wednesday,06:54:49,Tugu,Timur,ramai lancar,06.54 wib lalin sp tugu arah timur ramai arah barat dan utara terpantau ramai lancar  ,-,https://twitter.com/ATCS_DISHUB_DIY/status/1574910461468119040,"['https://pbs.twimg.com/media/Fds0kTXaEAA90Xs.jpg', 'https://pbs.twimg.com/media/Fds0k9eaMAAFxo3.jpg', 'https://pbs.twimg.com/media/Fds0libaUAEQKS1.jpg']"
2022-Sep-28,2022,September,Wednesday,06:53:41,UIN,Timur,ramai lancar,06.53 wib arus lalin sp uin arah timur ramai arah barat terpantau ramai lancar  ,-,https://twitter.com/ATCS_DISHUB_DIY/status/1574910178910416897,"['https://pbs.twimg.com/media/Fds0YSKaIAA3lfK.jpg', 'https://pbs.twimg.com/media/Fds0Y4jaMAANTEh.jpg']"
2022-Sep-28,2022,September,Wednesday,06:52:57,Bandara,Timur,ramai lancar,06.52 wib arus lalin sp bandara arah timur terpantau ramai lancar  ,-,https://twitter.com/ATCS_DISHUB_DIY/status/1574909995178950657,['https://pbs.twimg.com/media/Fds0Ol6aEAAYAEg.jpg']
2022-Sep-27,2022,September,Tuesday,18:46:18,Demangan,"Timur, Utara",ramai lancar,18.46 wib lalin sp demangan arah timur dan utara ramai lancar arah selatan terpantau lancar  ,-,https://twitter.com/ATCS_DISHUB_DIY/status/1574727125248409600,"['https://pbs.twimg.com/media/FdqN4pTacAE5jsm.jpg', 'https://pbs.twimg.com/media/FdqN4pVaIAAYwUf.jpg', 'https://pbs.twimg.com/media/FdqN5XMagAMar6J.jpg']"
2022-Sep-27,2022,September,Tuesday,18:45:47,UIN,"Timur, Barat",ramai lancar,18.45 wib kondisi lalin sp uin arah timur dan barat terpantau ramai lancar  ,-,https://twitter.com/ATCS_DISHUB_DIY/status/1574726996638453760,"['https://pbs.twimg.com/media/FdqNi3haIAA79rj.jpg', 'https://pbs.twimg.com/media/FdqNpRqacAAbEhQ.jpg']"
2022-Sep-27,2022,September,Tuesday,18:44:07,Maguwoharjo,Barat,ramai lancar,18.44 wib lalin sp maguwo arah barat terpantau ramai lancar  ,-,https://twitter.com/ATCS_DISHUB_DIY/status/1574726578122412034,['https://pbs.twimg.com/media/FdqNaTzaMAI6roI.jpg']
2022-Sep-27,2022,September,Tuesday,18:43:44,Bandara,Timur,lancar,18.43 wib lalin sp bandara arah timur terpantau lancar  ,-,https://twitter.com/ATCS_DISHUB_DIY/status/1574726481213001733,['https://pbs.twimg.com/media/FdqNVG_agAAOhr7.jpg']
2022-Sep-27,2022,September,Tuesday,18:43:03,Gramedia,"Timur, Barat",ramai lancar,18.42 wib lalin sp gramedia arah timur dan barat terpantau ramai lancar  ,-,https://twitter.com/ATCS_DISHUB_DIY/status/1574726309313675264,"['https://pbs.twimg.com/media/FdqNIq3akAAjOuq.jpg', 'https://pbs.twimg.com/media/FdqNKxvaMAAhbMk.jpg']"
2022-Sep-27,2022,September,Tuesday,06:53:43,"MM UGM, Utara",,lancar,"06.53WIB Kondisi Lalin simpang MMUGM terpantau ramai dari kaki utara, dari arah lainnya terpantau lancar  ",-,https://twitter.com/ATCS_DISHUB_DIY/status/1574547799043346432,"['https://pbs.twimg.com/media/FdnqvroagAEn2yP.jpg', 'https://pbs.twimg.com/media/FdnqwXBaEAAOLGg.jpg', 'https://pbs.twimg.com/media/FdnqwXmaMAAyw15.jpg', 'https://pbs.twimg.com/media/FdnqwYUaIAAd3eo.jpg']"
2022-Sep-27,2022,September,Tuesday,06:53:01,Demangan Timur,-,padat,06.52WIB Kondisi Lalin simpang Demangan terpantau padat dari kaki timur  ,-,https://twitter.com/ATCS_DISHUB_DIY/status/1574547620714139648,"['https://pbs.twimg.com/media/FdnqpQhaIAIxl_D.jpg', 'https://pbs.twimg.com/media/FdnqpRXacAAMp0M.jpg', 'https://pbs.twimg.com/media/FdnqpSVakAAtFcS.jpg']"
2022-Sep-27,2022,September,Tuesday,06:52:33,Galeria Timur Selatan,-,lancar,"06.52WIB Kondisi Lalin simpang Galeria terpantau ramai dari kaki timur, dari kaki selatan terpantau lancar  ",-,https://twitter.com/ATCS_DISHUB_DIY/status/1574547503751786496,"['https://pbs.twimg.com/media/FdnqexIagAMewFp.jpg', 'https://pbs.twimg.com/media/FdnqfYmaIAEh38j.jpg']"
2022-Sep-26,2022,September,Monday,18:23:32,Condongcatur,-,padat,18.23WIB Kondisi Lalin simpang Condongcatur terpantau padat  ,-,https://twitter.com/ATCS_DISHUB_DIY/status/1574359010312331264,"['https://pbs.twimg.com/media/Fdk_CUragAIEmvn.jpg', 'https://pbs.twimg.com/media/Fdk_EMYaMAEzVNu.jpg', 'https://pbs.twimg.com/media/Fdk_EM-akAE5olq.jpg']"
2022-Sep-26,2022,September,Monday,18:22:48,Seturan,-,ramai lancar,18.22WIB Kondisi Lalin simpang Seturan ramai lancar  ,-,https://twitter.com/ATCS_DISHUB_DIY/status/1574358823850356738,"['https://pbs.twimg.com/media/Fdk-8XwakAACxdM.jpg', 'https://pbs.twimg.com/media/Fdk-8XuacAAOAWI.jpg', 'https://pbs.twimg.com/media/Fdk-8X1aMAI1NxR.jpg', 'https://pbs.twimg.com/media/Fdk-8Y4aAAAqaws.jpg']"
2022-Sep-26,2022,September,Monday,18:08:51,Gramedia,-,lancar,18.08WIB Kondisi Lalin simpang Gramedia terpantau lancar  ,-,https://twitter.com/ATCS_DISHUB_DIY/status/1574355311997353985,"['https://pbs.twimg.com/media/Fdk7wbQaEAADJU6.jpg', 'https://pbs.twimg.com/media/Fdk7wc9aMAIVHWJ.jpg', 'https://pbs.twimg.com/media/Fdk7wd7aAAA3Wfb.jpg', 'https://pbs.twimg.com/media/Fdk7wekaUAAKAw1.jpg']"
2022-Sep-26,2022,September,Monday,14:40:27,Pogung,-,lancar,14.40WIB Kondisi Lalin simpang Pogung terpantau lancar  ,-,https://twitter.com/ATCS_DISHUB_DIY/status/1574302868898971649,"['https://pbs.twimg.com/media/FdkMDR6aMAEXz4U.jpg', 'https://pbs.twimg.com/media/FdkMDSyaMAASfKy.jpg', 'https://pbs.twimg.com/media/FdkMDThaUAAhuqc.jpg', 'https://pbs.twimg.com/media/FdkMDUDaUAAtGoF.jpg']"
2022-Sep-26,2022,September,Monday,14:39:53,MM UGM,-,lancar,14.39WIB Kondisi lalin simpang MMUGM terpantau lancar  ,-,https://twitter.com/ATCS_DISHUB_DIY/status/1574302723805450240,"['https://pbs.twimg.com/media/FdkL095aMAA6E-J.jpg', 'https://pbs.twimg.com/media/FdkL0-GaMAAoob8.jpg', 'https://pbs.twimg.com/media/FdkL0-KaIAELhxK.jpg', 'https://pbs.twimg.com/media/FdkL2ACacAIck8G.jpg']"
2022-Sep-26,2022,September,Monday,14:26:25,Tugu,-,lancar,14.25 WIB. Kondisi terkini Lalu lintas di simpang Tugu terpantau lancar.  ,-,https://twitter.com/ATCS_DISHUB_DIY/status/1574299335864745984,"['https://pbs.twimg.com/media/FdkI5nMakAAQyNt.jpg', 'https://pbs.twimg.com/media/FdkI5nMaEAExzPO.jpg', 'https://pbs.twimg.com/media/FdkI5nXaUAEDVzR.jpg']"
2022-Sep-25,2022,September,Sunday,12:15:59,,"Timur, Barat",lancar,12.15 wib lalin sp congdongcatur arah timur dan barat ramai arah selatan terpantau lancar  ,-,https://twitter.com/ATCS_DISHUB_DIY/status/1573904125875851264,"['https://pbs.twimg.com/media/FdehWoKaAAAr2fp.jpg', 'https://pbs.twimg.com/media/FdehWpkagAAtyIK.jpg']"
2022-Sep-25,2022,September,Sunday,12:15:03,Demangan,,ramai lancar,12.14 wib lalin sp demangan terpantau ramai lancar dari semua arah  ,-,https://twitter.com/ATCS_DISHUB_DIY/status/1573903887060570112,"['https://pbs.twimg.com/media/FdehJciaEAAZDF8.jpg', 'https://pbs.twimg.com/media/FdehJeRaEAE8RLI.jpg', 'https://pbs.twimg.com/media/FdehKF9aIAEj2Ip.jpg']"
2022-Sep-25,2022,September,Sunday,12:13:52,Tugu,"Timur, Utara",ramai lancar,12.13 wib kondisi lalin sp tugu arah timur dan utara lancar arah barat terpantau ramai lancar  ,-,https://twitter.com/ATCS_DISHUB_DIY/status/1573903590892371969,"['https://pbs.twimg.com/media/Fdeg4HOaMAAhErM.jpg', 'https://pbs.twimg.com/media/Fdeg45raUAIZ1YG.jpg', 'https://pbs.twimg.com/media/Fdeg46kaAAMpN8f.jpg']"
2022-Sep-25,2022,September,Sunday,12:13:03,UIN,"Timur, Barat",lancar,12.12 wib lalin sp uin arah timur dan barat terpantau lancar  ,-,https://twitter.com/ATCS_DISHUB_DIY/status/1573903385971294208,"['https://pbs.twimg.com/media/FdegttWakAA0v--.jpg', 'https://pbs.twimg.com/media/FdeguQaaAAED4os.jpg']"
2022-Sep-25,2022,September,Sunday,09:04:24,Condongcatur,,lancar,09.05 wib lalin sp condongcatur terpantau lancar dari semua arah  ,-,https://twitter.com/ATCS_DISHUB_DIY/status/1573855910115811328,"['https://pbs.twimg.com/media/Fdd1hNRaAAI8T-w.jpg', 'https://pbs.twimg.com/media/Fdd1hN6acAAwINf.jpg', 'https://pbs.twimg.com/media/Fdd1h1FaIAE3skI.jpg']"
2022-Sep-25,2022,September,Sunday,09:03:38,UIN,"Timur, Barat",lancar,09.04 wib lalin sp uin arah timur dan barat terpantau lancar  ,-,https://twitter.com/ATCS_DISHUB_DIY/status/1573855718813609985,"['https://pbs.twimg.com/media/Fdd1XGKagAAR9h8.jpg', 'https://pbs.twimg.com/media/Fdd1XHHaEAE-O0s.jpg']"
2022-Sep-25,2022,September,Sunday,09:03:03,Maguwoharjo,Barat,lancar,09.03 wib kondisi lalin sp maguwo arah barat terpantau lancar  ,-,https://twitter.com/ATCS_DISHUB_DIY/status/1573855572310757376,['https://pbs.twimg.com/media/Fdd1O3WaUAMCRhL.jpg']
2022-Sep-25,2022,September,Sunday,09:02:34,Bandara,Timur,lancar,09.02 wib lalin sp bandara arah timur terpantau lancar  ,-,https://twitter.com/ATCS_DISHUB_DIY/status/1573855447890931713,['https://pbs.twimg.com/media/Fdd1FYlaIAACH1Z.jpg']
2022-Sep-25,2022,September,Sunday,07:26:16,Kentungan,,lancar,07.26 wib lalin sp kentungan terpantau lancar dari semua arah  ,-,https://twitter.com/ATCS_DISHUB_DIY/status/1573831215052107776,"['https://pbs.twimg.com/media/FddfFi9agAABxoS.jpg', 'https://pbs.twimg.com/media/FddfFj1akAALcho.jpg', 'https://pbs.twimg.com/media/FddfFk4acAALY7c.jpg']"
2022-Sep-25,2022,September,Sunday,07:25:22,Condongcatur,,lancar,07.25 wib lalin sp condongcatur terpantau lancar dari semua arah  ,-,https://twitter.com/ATCS_DISHUB_DIY/status/1573830989453066240,"['https://pbs.twimg.com/media/Fdde2OvaIAErCUX.jpg', 'https://pbs.twimg.com/media/Fdde2-1akAAlW25.jpg', 'https://pbs.twimg.com/media/Fdde3fhaMAA3Qe3.jpg']"
2022-Sep-25,2022,September,Sunday,07:24:17,Gramedia,,lancar,07.24 wib lalin sp gramedia terpantau lancar dari segal arah  ,-,https://twitter.com/ATCS_DISHUB_DIY/status/1573830714357092352,"['https://pbs.twimg.com/media/Fddem_taEAIosSJ.jpg', 'https://pbs.twimg.com/media/FddenAUagAIlqQ5.jpg', 'https://pbs.twimg.com/media/Fdden4DaIAAZljO.jpg', 'https://pbs.twimg.com/media/Fdden4takAEkrHe.jpg']"
2022-Sep-25,2022,September,Sunday,07:23:04,Demangan,,lancar,07.23 wib lalin sp demangan masih terpantau lancar dari semua arah  ,-,https://twitter.com/ATCS_DISHUB_DIY/status/1573830408730734592,"['https://pbs.twimg.com/media/FddeUhdakAAIWrS.jpg', 'https://pbs.twimg.com/media/FddeUiCaMAAze5L.jpg', 'https://pbs.twimg.com/media/FddeUioaMAAAp3k.jpg']"
2022-Sep-25,2022,September,Sunday,07:22:10,Maguwoharjo,Barat,lancar,07.22 wib kondisi lalin sp maguwo arah barat terpantau lancar.selalu berhati hati dalam berkendara dan patuhi rambu lalin  ,-,https://twitter.com/ATCS_DISHUB_DIY/status/1573830183895060481,['https://pbs.twimg.com/media/FddeCT5aUAIGUhz.jpg']
2022-Sep-25,2022,September,Sunday,07:21:20,Bandara,Timur,lancar,07.21 wib lalin sp bandara arah timur terpantau lancar  ,-,https://twitter.com/ATCS_DISHUB_DIY/status/1573829974683160576,['https://pbs.twimg.com/media/Fddd7vsaEAEc65t.jpg']
2022-Sep-25,2022,September,Sunday,06:35:55,Jati Kencana,-,lancar,"06.35 WIB. Situasi lalin di Simpang Jati Kencana arus kendaraan saat ini terpantau lancar ,patuhi rambu lalu lintas dan marka jalan  ",-,https://twitter.com/ATCS_DISHUB_DIY/status/1573818543946477568,"['https://pbs.twimg.com/media/FddTnbNaAAE4kQe.jpg', 'https://pbs.twimg.com/media/FddTnb7acAA0IfE.jpg', 'https://pbs.twimg.com/media/FddTnckaUAAN1wA.jpg']"
2022-Sep-25,2022,September,Sunday,06:34:38,Kidsfun,-,lancar,"06.33 WIB. Situasi lalin di Simpang Kids Fun arus kendaraan saat ini terpantau lancar ,patuhi rambu lalu lintas dan marka jalan  ",-,https://twitter.com/ATCS_DISHUB_DIY/status/1573818219722579968,"['https://pbs.twimg.com/media/FddTTGsagAArXYM.jpg', 'https://pbs.twimg.com/media/FddTTGtakAA5UaA.jpg']"
2022-Sep-24,2022,September,Saturday,18:17:14,Tugu,Timur,ramai lancar,18.17 wib arus lalin sp tugu arah timur ramai arah barat dan utara terpantau ramai lancar  ,-,https://twitter.com/ATCS_DISHUB_DIY/status/1573632645522919424,"['https://pbs.twimg.com/media/FdaqcKvakAAI1Ep.jpg', 'https://pbs.twimg.com/media/FdaqdBJagAAoJ8w.jpg', 'https://pbs.twimg.com/media/FdaqdB_aIAAj--z.jpg']"
2022-Sep-24,2022,September,Saturday,18:16:17,UIN,"Timur, Barat",ramai lancar,18.16 wib lalin sp uin arah timur dan barat terpantau ramai lancar  ,-,https://twitter.com/ATCS_DISHUB_DIY/status/1573632409412997122,"['https://pbs.twimg.com/media/FdaqQzhaAAAUFcQ.jpg', 'https://pbs.twimg.com/media/FdaqRe3aIAAJB6K.jpg']"
2022-Sep-24,2022,September,Saturday,17:17:49,Pogung,-,lancar,17.17WIB Kondisi Lalin simpang Pogung terpantau lancar  ,-,https://twitter.com/ATCS_DISHUB_DIY/status/1573617693538013186,"['https://pbs.twimg.com/media/FdacyHfacAA4dE7.jpg', 'https://pbs.twimg.com/media/FdacyINaEAAze_m.jpg', 'https://pbs.twimg.com/media/FdacyJVagAIPhgM.jpg', 'https://pbs.twimg.com/media/FdacyJ6aMAEfLSb.jpg']"
2022-Sep-24,2022,September,Saturday,17:16:53,MM UGM Selatan Utara,-,ramai lancar,17.16WIB Kondisi lalin simpang MMUGM terpantau ramai lancar dari kaki utara dan selatan  ,-,https://twitter.com/ATCS_DISHUB_DIY/status/1573617460695400450,"['https://pbs.twimg.com/media/FdacoE8aMAAY8dZ.jpg', 'https://pbs.twimg.com/media/FdacoFhaUAAr_Xj.jpg', 'https://pbs.twimg.com/media/FdacoGXakAAXtph.jpg', 'https://pbs.twimg.com/media/FdacoHCacAEfcg4.jpg']"
2022-Sep-24,2022,September,Saturday,17:16:13,Galeria,-,lancar,17.15WIB Kondisi lalin simpang Galeria lancar  ,-,https://twitter.com/ATCS_DISHUB_DIY/status/1573617292260544512,"['https://pbs.twimg.com/media/FdacdUKaMAAaGMC.jpg', 'https://pbs.twimg.com/media/FdacdUKaAAMqgzi.jpg']"
2022-Sep-24,2022,September,Saturday,15:15:34,Bandara,Timur,ramai lancar,15.15 wib lalin sp bandara arah timur terpantau ramai lancar  ,-,https://twitter.com/ATCS_DISHUB_DIY/status/1573586929635184640,['https://pbs.twimg.com/media/FdaA55TacAAKOB9.jpg']
2022-Sep-24,2022,September,Saturday,15:14:57,Gramedia,Timur,ramai lancar,15.14 wib lalin sp gramedia arah timur ramai lancar arah barat terpantau ramai  ,-,https://twitter.com/ATCS_DISHUB_DIY/status/1573586772860502016,"['https://pbs.twimg.com/media/FdaAv-OacAEZfig.jpg', 'https://pbs.twimg.com/media/FdaAv-2aAAAxObt.jpg']"
2022-Sep-24,2022,September,Saturday,07:26:14,Gramedia,-,lancar,07.25WIB Kondisi Lalin simpang Gramedia terpantau lancar  ,-,https://twitter.com/ATCS_DISHUB_DIY/status/1573468817577365504,"['https://pbs.twimg.com/media/FdYVfXZaMAEPA24.jpg', 'https://pbs.twimg.com/media/FdYVfYNaAAEGxvF.jpg', 'https://pbs.twimg.com/media/FdYVfY0aIAEv8sL.jpg', 'https://pbs.twimg.com/media/FdYVfZcaIAEVtm8.jpg']"
2022-Sep-24,2022,September,Saturday,07:25:52,MM UGM,-,lancar,07.25WIB Kondisi Lalin simpang MMUGM terpantau lancar  ,-,https://twitter.com/ATCS_DISHUB_DIY/status/1573468726510649344,"['https://pbs.twimg.com/media/FdYVa1eacAAj-MG.jpg', 'https://pbs.twimg.com/media/FdYVa2PaIAA_hOY.jpg', 'https://pbs.twimg.com/media/FdYVa2yaAAAwJO9.jpg', 'https://pbs.twimg.com/media/FdYVa3faEAMULNR.jpg']"
